_id,id,analyzed_at,emotion,heatTrend,introduction,participants,spreadRange,spreadSpeed,stance,timeline,title,type,wordCloud,x,y,_source_database
68c312c7c51fdd175d711540,780f22a910d4ddcc589b0c2e286cfd45,2025-09-11T18:19:51.126426,"{""schema"": {""喜悦"": 0.1, ""期待"": 0.05, ""平和"": 0.15, ""惊讶"": 0.2, ""悲伤"": 0.05, ""愤怒"": 0.1, ""恐惧"": 0.05, ""厌恶"": 0.3}}","[{""date"": ""2025-09-09"", ""value"": 0.6}, {""date"": ""2025-09-10"", ""value"": 0.75}, {""date"": ""2025-09-11"", ""value"": 0.9}]",美国知名网红柯克因独特风格和争议言论走红网络，其背景与影响力引发广泛讨论。,0.9,0.85,0.75,"{""schema"": {""积极倡导"": 0.1, ""强烈反对"": 0.25, ""中立陈述"": 0.2, ""质疑探究"": 0.15, ""理性建议"": 0.05, ""情绪宣泄"": 0.1, ""观望等待"": 0.05, ""扩散传播"": 0.15}}","[{""date"": ""2025-09-09"", ""event"": ""柯克因争议言论首次登上热搜""}, {""date"": ""2025-09-10"", ""event"": ""多家媒体对柯克进行专题报道""}, {""date"": ""2025-09-11"", ""event"": ""柯克本人回应网络热议""}]",美国“网红”柯克什么来头,社会文化,"[{""weight"": 0.9, ""word"": ""柯克""}, {""weight"": 0.85, ""word"": ""网红""}, {""weight"": 0.8, ""word"": ""美国""}, {""weight"": 0.75, ""word"": ""社交媒体""}, {""weight"": 0.7, ""word"": ""争议""}, {""weight"": 0.65, ""word"": ""言论""}, {""weight"": 0.6, ""word"": ""粉丝""}, {""weight"": 0.55, ""word"": ""网络""}, {""weight"": 0.5, ""word"": ""文化""}, {""weight"": 0.45, ""word"": ""影响""}, {""weight"": 0.4, ""word"": ""风格""}, {""weight"": 0.35, ""word"": ""讨论""}, {""weight"": 0.3, ""word"": ""热度""}, {""weight"": 0.25, ""word"": ""平台""}, {""weight"": 0.2, ""word"": ""视频""}, {""weight"": 0.15, ""word"": ""舆论""}, {""weight"": 0.1, ""word"": ""公众人物""}, {""weight"": 0.05, ""word"": ""传播""}, {""weight"": 0.04, ""word"": ""形象""}, {""weight"": 0.03, ""word"": ""粉丝经济""}]",-118.2437,34.0522,zhimo
68c312d7c51fdd175d711541,3e79c428d6183cb8061d6cfede8a68a5,2025-09-11T18:20:07.410019,"{""schema"": {""喜悦"": 0.05, ""期待"": 0.1, ""平和"": 0.15, ""惊讶"": 0.2, ""悲伤"": 0.05, ""愤怒"": 0.15, ""恐惧"": 0.1, ""厌恶"": 0.2}}","[{""date"": ""2025-09-09"", ""value"": 0.4}, {""date"": ""2025-09-10"", ""value"": 0.6}, {""date"": ""2025-09-11"", ""value"": 0.75}]",卡塔尔首相在采访中谈及与美国关系，暗示对美方行为的不满，但未明确表态是否感到被背叛。,0.65,0.8,0.75,"{""schema"": {""积极倡导"": 0.05, ""强烈反对"": 0.1, ""中立陈述"": 0.3, ""质疑探究"": 0.2, ""理性建议"": 0.05, ""情绪宣泄"": 0.15, ""观望等待"": 0.1, ""扩散传播"": 0.05}}","[{""date"": ""2025-09-09"", ""event"": ""卡塔尔首相接受媒体采访，谈及与美国关系的微妙变化。""}, {""date"": ""2025-09-10"", ""event"": ""国际媒体开始广泛报道卡塔尔首相言论，引发多方解读。""}, {""date"": ""2025-09-11"", ""event"": ""美国国务院回应卡塔尔相关言论，强调双边关系的稳定性。""}]",卡塔尔首相谈是否被美背叛：不能直说,国际政治,"[{""weight"": 0.9, ""word"": ""美国""}, {""weight"": 0.85, ""word"": ""背叛""}, {""weight"": 0.8, ""word"": ""卡塔尔""}, {""weight"": 0.75, ""word"": ""关系""}, {""weight"": 0.7, ""word"": ""首相""}, {""weight"": 0.65, ""word"": ""中东""}, {""weight"": 0.6, ""word"": ""外交""}, {""weight"": 0.55, ""word"": ""政策""}, {""weight"": 0.5, ""word"": ""合作""}, {""weight"": 0.45, ""word"": ""紧张""}, {""weight"": 0.4, ""word"": ""立场""}, {""weight"": 0.35, ""word"": ""盟友""}, {""weight"": 0.3, ""word"": ""区域""}, {""weight"": 0.25, ""word"": ""战略""}, {""weight"": 0.2, ""word"": ""信任""}, {""weight"": 0.15, ""word"": ""声明""}, {""weight"": 0.1, ""word"": ""影响""}, {""weight"": 0.09, ""word"": ""媒体""}, {""weight"": 0.08, ""word"": ""国际""}, {""weight"": 0.07, ""word"": ""评论""}]",51.5333,25.3548,zhimo
68c31a5cc51fdd175d711542,db8efbc7860f583894183b192e19101d,2025-09-11T18:52:12.613999,"{""schema"": {""喜悦"": 0.3, ""期待"": 0.2, ""平和"": 0.1, ""惊讶"": 0.05, ""悲伤"": 0.05, ""愤怒"": 0.05, ""恐惧"": 0.05, ""厌恶"": 0.05}}","[{""date"": ""2025-09-09"", ""value"": 0.6}, {""date"": ""2025-09-10"", ""value"": 0.75}, {""date"": ""2025-09-11"", ""value"": 0.85}]",中国外贸在复杂国际环境下展现韧性，通过技术创新和市场多元化策略实现突围，稳中向好。,0.75,0.9,0.85,"{""schema"": {""积极倡导"": 0.4, ""强烈反对"": 0.05, ""中立陈述"": 0.2, ""质疑探究"": 0.05, ""理性建议"": 0.15, ""情绪宣泄"": 0.05, ""观望等待"": 0.05, ""扩散传播"": 0.1}}","[{""date"": ""2025-09-09"", ""event"": ""中国发布最新外贸数据，显示同比增长趋势""}, {""date"": ""2025-09-10"", ""event"": ""专家解读外贸突围策略，强调技术创新和市场多元化""}, {""date"": ""2025-09-11"", ""event"": ""媒体报道中国外贸韧性，引发公众关注""}]",来看中国外贸的突围密码,经济,"[{""weight"": 0.9, ""word"": ""外贸""}, {""weight"": 0.85, ""word"": ""中国""}, {""weight"": 0.8, ""word"": ""创新""}, {""weight"": 0.75, ""word"": ""市场""}, {""weight"": 0.7, ""word"": ""技术""}, {""weight"": 0.65, ""word"": ""增长""}, {""weight"": 0.6, ""word"": ""韧性""}, {""weight"": 0.55, ""word"": ""国际""}, {""weight"": 0.5, ""word"": ""环境""}, {""weight"": 0.45, ""word"": ""策略""}, {""weight"": 0.4, ""word"": ""多元化""}, {""weight"": 0.35, ""word"": ""数据""}, {""weight"": 0.3, ""word"": ""解读""}, {""weight"": 0.25, ""word"": ""专家""}, {""weight"": 0.2, ""word"": ""媒体""}, {""weight"": 0.15, ""word"": ""关注""}, {""weight"": 0.1, ""word"": ""经济""}, {""weight"": 0.05, ""word"": ""政策""}, {""weight"": 0.025, ""word"": ""出口""}, {""weight"": 0.025, ""word"": ""进口""}]",116.4074,39.9042,zhimo
68c31a71c51fdd175d711543,68adc7be3fe496c885aae84907d19166,2025-09-11T18:52:33.631623,"{""schema"": {""喜悦"": 0.05, ""期待"": 0.05, ""平和"": 0.1, ""惊讶"": 0.2, ""悲伤"": 0.15, ""愤怒"": 0.15, ""恐惧"": 0.1, ""厌恶"": 0.2}}","[{""date"": ""2025-09-09"", ""value"": 0.4}, {""date"": ""2025-09-10"", ""value"": 0.65}, {""date"": ""2025-09-11"", ""value"": 0.8}]",近日，一对夫妇因孩子非亲生引发家庭纠纷，堂哥介入并赠房给前妻，事件引发社会广泛关注。,0.75,0.9,0.85,"{""schema"": {""积极倡导"": 0.05, ""强烈反对"": 0.15, ""中立陈述"": 0.3, ""质疑探究"": 0.2, ""理性建议"": 0.1, ""情绪宣泄"": 0.1, ""观望等待"": 0.05, ""扩散传播"": 0.05}}","[{""date"": ""2025-09-09"", ""event"": ""事件首次曝光，当事人在社交媒体发声""}, {""date"": ""2025-09-10"", ""event"": ""媒体跟进报道，网络热议家庭伦理问题""}, {""date"": ""2025-09-11"", ""event"": ""相关当事人回应，舆论持续发酵""}]",两孩非亲生当事人：堂哥赠前妻一套房,社会新闻,"[{""weight"": 0.9, ""word"": ""家庭""}, {""weight"": 0.85, ""word"": ""孩子""}, {""weight"": 0.8, ""word"": ""堂哥""}, {""weight"": 0.75, ""word"": ""前妻""}, {""weight"": 0.7, ""word"": ""房产""}, {""weight"": 0.65, ""word"": ""婚姻""}, {""weight"": 0.6, ""word"": ""纠纷""}, {""weight"": 0.55, ""word"": ""社会""}, {""weight"": 0.5, ""word"": ""舆论""}, {""weight"": 0.45, ""word"": ""法律""}, {""weight"": 0.4, ""word"": ""道德""}, {""weight"": 0.35, ""word"": ""责任""}, {""weight"": 0.3, ""word"": ""抚养""}, {""weight"": 0.25, ""word"": ""情感""}, {""weight"": 0.2, ""word"": ""真相""}, {""weight"": 0.15, ""word"": ""网络""}, {""weight"": 0.1, ""word"": ""讨论""}, {""weight"": 0.05, ""word"": ""媒体""}, {""weight"": 0.04, ""word"": ""曝光""}, {""weight"": 0.03, ""word"": ""回应""}]",116.4074,39.9042,zhimo
68c3210dc51fdd175d711544,cedcaaa678e24d684f107060fcda86f6,2025-09-11T19:20:45.170759,"{""schema"": {""喜悦"": 0.01, ""期待"": 0.02, ""平和"": 0.05, ""惊讶"": 0.1, ""悲伤"": 0.15, ""愤怒"": 0.05, ""恐惧"": 0.3, ""厌恶"": 0.32}}","[{""date"": ""2025-09-09"", ""value"": 0.4}, {""date"": ""2025-09-10"", ""value"": 0.7}, {""date"": ""2025-09-11"", ""value"": 0.9}]",河南许昌遭遇历史罕见暴雨，城市内涝严重，交通瘫痪，居民生活受到极大影响。,0.9,0.75,0.85,"{""schema"": {""积极倡导"": 0.05, ""强烈反对"": 0.02, ""中立陈述"": 0.6, ""质疑探究"": 0.08, ""理性建议"": 0.1, ""情绪宣泄"": 0.1, ""观望等待"": 0.03, ""扩散传播"": 0.02}}","[{""date"": ""2025-09-09"", ""event"": ""河南许昌开始出现强降雨天气，局部地区降雨量突破历史记录。""}, {""date"": ""2025-09-10"", ""event"": ""城市内涝严重，多处道路被淹，车辆被困，居民出行受阻。""}, {""date"": ""2025-09-11"", ""event"": ""暴雨持续，相关部门启动应急响应，救援工作全面展开。""}]",河南许昌暴雨破纪录：行车如行船,自然灾害,"[{""weight"": 0.9, ""word"": ""暴雨""}, {""weight"": 0.85, ""word"": ""许昌""}, {""weight"": 0.8, ""word"": ""内涝""}, {""weight"": 0.75, ""word"": ""交通""}, {""weight"": 0.7, ""word"": ""车辆""}, {""weight"": 0.65, ""word"": ""被困""}, {""weight"": 0.6, ""word"": ""救援""}, {""weight"": 0.55, ""word"": ""应急""}, {""weight"": 0.5, ""word"": ""天气""}, {""weight"": 0.45, ""word"": ""降雨""}, {""weight"": 0.4, ""word"": ""居民""}, {""weight"": 0.35, ""word"": ""影响""}, {""weight"": 0.3, ""word"": ""道路""}, {""weight"": 0.25, ""word"": ""记录""}, {""weight"": 0.2, ""word"": ""历史""}, {""weight"": 0.15, ""word"": ""城市""}, {""weight"": 0.1, ""word"": ""生活""}, {""weight"": 0.09, ""word"": ""排水""}, {""weight"": 0.08, ""word"": ""预警""}, {""weight"": 0.07, ""word"": ""安全""}]",113.6646,34.0475,zhimo
68c3211cc51fdd175d711545,45cb9c646c4f757fac5d1e88a2d84944,2025-09-11T19:21:00.618541,"{""schema"": {""喜悦"": 0.02, ""期待"": 0.03, ""平和"": 0.1, ""惊讶"": 0.15, ""悲伤"": 0.4, ""愤怒"": 0.05, ""恐惧"": 0.05, ""厌恶"": 0.02}}","[{""date"": ""2025-09-09"", ""value"": 0.3}, {""date"": ""2025-09-10"", ""value"": 0.6}, {""date"": ""2025-09-11"", ""value"": 0.8}]",特朗普长期政治盟友突发身亡，引发广泛关注，拜登与奥巴马相继发声表达哀悼。,0.8,0.9,0.85,"{""schema"": {""积极倡导"": 0.1, ""强烈反对"": 0.05, ""中立陈述"": 0.4, ""质疑探究"": 0.05, ""理性建议"": 0.05, ""情绪宣泄"": 0.2, ""观望等待"": 0.1, ""扩散传播"": 0.15}}","[{""date"": ""2025-09-09"", ""event"": ""特朗普政治盟友突发疾病抢救无效身亡""}, {""date"": ""2025-09-10"", ""event"": ""媒体广泛报道，拜登发表官方声明哀悼""}, {""date"": ""2025-09-11"", ""event"": ""奥巴马公开表达慰问，舆论持续发酵""}]",特朗普政治盟友身亡 拜登奥巴马发声,政治,"[{""weight"": 0.1, ""word"": ""特朗普""}, {""weight"": 0.09, ""word"": ""拜登""}, {""weight"": 0.08, ""word"": ""奥巴马""}, {""weight"": 0.07, ""word"": ""盟友""}, {""weight"": 0.06, ""word"": ""政治""}, {""weight"": 0.06, ""word"": ""身亡""}, {""weight"": 0.05, ""word"": ""哀悼""}, {""weight"": 0.05, ""word"": ""声明""}, {""weight"": 0.04, ""word"": ""美国""}, {""weight"": 0.04, ""word"": ""总统""}, {""weight"": 0.04, ""word"": ""共和党""}, {""weight"": 0.03, ""word"": ""民主党""}, {""weight"": 0.03, ""word"": ""媒体""}, {""weight"": 0.03, ""word"": ""舆论""}, {""weight"": 0.03, ""word"": ""悼念""}, {""weight"": 0.02, ""word"": ""突发""}, {""weight"": 0.02, ""word"": ""健康""}, {""weight"": 0.02, ""word"": ""政治人物""}, {""weight"": 0.02, ""word"": ""华盛顿""}, {""weight"": 0.02, ""word"": ""影响""}]",-77.0906,38.8765,zhimo
68c3212ac51fdd175d711546,41fa5b2b899ea116fb5c4952a883981e,2025-09-11T19:21:14.717731,"{""schema"": {""喜悦"": 0.05, ""期待"": 0.02, ""平和"": 0.1, ""惊讶"": 0.3, ""悲伤"": 0.15, ""愤怒"": 0.1, ""恐惧"": 0.2, ""厌恶"": 0.08}}","[{""date"": ""2025-09-09"", ""value"": 0.6}, {""date"": ""2025-09-10"", ""value"": 0.8}, {""date"": ""2025-09-11"", ""value"": 0.9}]",一名男子在家拍摄日常时，意外记录下一起突发事故的全过程，视频迅速引发关注。,0.8,0.75,0.85,"{""schema"": {""积极倡导"": 0.05, ""强烈反对"": 0.03, ""中立陈述"": 0.4, ""质疑探究"": 0.15, ""理性建议"": 0.1, ""情绪宣泄"": 0.12, ""观望等待"": 0.1, ""扩散传播"": 0.05}}","[{""date"": ""2025-09-09"", ""event"": ""男子在家拍摄时记录下事故瞬间，视频上传至社交平台引发初步关注。""}, {""date"": ""2025-09-10"", ""event"": ""视频被多家媒体转载，事故细节引发公众热议。""}, {""date"": ""2025-09-11"", ""event"": ""相关部门介入调查事故原因，男子成为关注焦点。""}]",男子在家无意拍下事故瞬间,社会新闻,"[{""weight"": 0.9, ""word"": ""事故""}, {""weight"": 0.85, ""word"": ""视频""}, {""weight"": 0.8, ""word"": ""拍摄""}, {""weight"": 0.75, ""word"": ""男子""}, {""weight"": 0.7, ""word"": ""记录""}, {""weight"": 0.65, ""word"": ""社交平台""}, {""weight"": 0.6, ""word"": ""关注""}, {""weight"": 0.55, ""word"": ""媒体""}, {""weight"": 0.5, ""word"": ""热议""}, {""weight"": 0.45, ""word"": ""调查""}, {""weight"": 0.4, ""word"": ""焦点""}, {""weight"": 0.35, ""word"": ""细节""}, {""weight"": 0.3, ""word"": ""上传""}, {""weight"": 0.25, ""word"": ""意外""}, {""weight"": 0.2, ""word"": ""传播""}, {""weight"": 0.15, ""word"": ""平台""}, {""weight"": 0.1, ""word"": ""原因""}, {""weight"": 0.08, ""word"": ""讨论""}, {""weight"": 0.05, ""word"": ""焦点人物""}, {""weight"": 0.02, ""word"": ""公众""}]",-73.994454,40.750042,zhimo
68c32139c51fdd175d711547,872360981c87b1a7d18b3cbb726c4237,2025-09-11T19:21:29.778276,"{""schema"": {""喜悦"": 0.15, ""期待"": 0.2, ""平和"": 0.1, ""惊讶"": 0.05, ""悲伤"": 0.05, ""愤怒"": 0.05, ""恐惧"": 0.1, ""厌恶"": 0.3}}","[{""date"": ""2025-09-09"", ""value"": 0.4}, {""date"": ""2025-09-10"", ""value"": 0.6}, {""date"": ""2025-09-11"", ""value"": 0.8}]",黄岩岛作为我国南海重要岛礁，建立国家级自然保护区旨在保护其独特的生态系统和维护国家海洋权益。,0.8,0.75,0.65,"{""schema"": {""积极倡导"": 0.25, ""强烈反对"": 0.05, ""中立陈述"": 0.2, ""质疑探究"": 0.1, ""理性建议"": 0.15, ""情绪宣泄"": 0.1, ""观望等待"": 0.1, ""扩散传播"": 0.15}}","[{""date"": ""2025-09-09"", ""event"": ""首次提出建立黄岩岛国家级自然保护区的规划方案""}, {""date"": ""2025-09-10"", ""event"": ""相关专家对黄岩岛生态进行评估并发布初步报告""}, {""date"": ""2025-09-11"", ""event"": ""公众热议保护区设立的生态与政治意义""}]",为何建立黄岩岛国家级自然保护区,环境保护,"[{""weight"": 0.9, ""word"": ""黄岩岛""}, {""weight"": 0.85, ""word"": ""自然保护区""}, {""weight"": 0.8, ""word"": ""生态保护""}, {""weight"": 0.75, ""word"": ""南海""}, {""weight"": 0.7, ""word"": ""国家级""}, {""weight"": 0.65, ""word"": ""海洋权益""}, {""weight"": 0.6, ""word"": ""生态平衡""}, {""weight"": 0.55, ""word"": ""生物多样性""}, {""weight"": 0.5, ""word"": ""环境""}, {""weight"": 0.45, ""word"": ""政策""}, {""weight"": 0.4, ""word"": ""科研""}, {""weight"": 0.35, ""word"": ""渔业""}, {""weight"": 0.3, ""word"": ""可持续发展""}, {""weight"": 0.25, ""word"": ""气候""}, {""weight"": 0.2, ""word"": ""珊瑚礁""}, {""weight"": 0.15, ""word"": ""海洋生物""}, {""weight"": 0.1, ""word"": ""保护措施""}, {""weight"": 0.09, ""word"": ""国际关注""}, {""weight"": 0.08, ""word"": ""生态价值""}, {""weight"": 0.07, ""word"": ""海洋保护""}]",117.75,15.1333,zhimo
68c328c0c51fdd175d711548,a55074ea256ec61d66604bd1778c1524,2025-09-11T19:53:36.715657,"{""schema"": {""喜悦"": 0.05, ""期待"": 0.1, ""平和"": 0.05, ""惊讶"": 0.2, ""悲伤"": 0.1, ""愤怒"": 0.25, ""恐惧"": 0.15, ""厌恶"": 0.1}}","[{""date"": ""2025-09-09"", ""value"": 0.4}, {""date"": ""2025-09-10"", ""value"": 0.65}, {""date"": ""2025-09-11"", ""value"": 0.8}]",美国执法部门已找到用于杀害前总统特朗普盟友的武器，案件调查取得重大进展，引发社会广泛关注。,0.78,0.9,0.85,"{""schema"": {""积极倡导"": 0.05, ""强烈反对"": 0.1, ""中立陈述"": 0.5, ""质疑探究"": 0.15, ""理性建议"": 0.05, ""情绪宣泄"": 0.1, ""观望等待"": 0.03, ""扩散传播"": 0.02}}","[{""date"": ""2025-09-08"", ""event"": ""特朗普盟友遇害，案件引发舆论关注""}, {""date"": ""2025-09-09"", ""event"": ""警方开始调查案件，初步锁定嫌疑人""}, {""date"": ""2025-09-10"", ""event"": ""执法部门确认嫌疑人身份并展开搜捕""}, {""date"": ""2025-09-11"", ""event"": ""杀害特朗普盟友的武器被成功找到""}]",杀害特朗普盟友的武器已被找到,政治暴力,"[{""weight"": 0.9, ""word"": ""特朗普""}, {""weight"": 0.85, ""word"": ""武器""}, {""weight"": 0.8, ""word"": ""盟友""}, {""weight"": 0.75, ""word"": ""杀害""}, {""weight"": 0.7, ""word"": ""调查""}, {""weight"": 0.65, ""word"": ""执法""}, {""weight"": 0.6, ""word"": ""嫌疑人""}, {""weight"": 0.55, ""word"": ""案件""}, {""weight"": 0.5, ""word"": ""美国""}, {""weight"": 0.45, ""word"": ""政治""}, {""weight"": 0.4, ""word"": ""枪击""}, {""weight"": 0.35, ""word"": ""暴力""}, {""weight"": 0.3, ""word"": ""社会""}, {""weight"": 0.25, ""word"": ""关注""}, {""weight"": 0.2, ""word"": ""进展""}, {""weight"": 0.15, ""word"": ""舆论""}, {""weight"": 0.1, ""word"": ""逮捕""}, {""weight"": 0.05, ""word"": ""搜捕""}, {""weight"": 0.03, ""word"": ""证据""}, {""weight"": 0.02, ""word"": ""安全""}]",-77.0906,38.8765,zhimo
68c328cfc51fdd175d711549,8351f00d415c50489614df6147bb489b,2025-09-11T19:53:51.611228,"{""schema"": {""喜悦"": 0.05, ""期待"": 0.05, ""平和"": 0.3, ""惊讶"": 0.2, ""悲伤"": 0.05, ""愤怒"": 0.15, ""恐惧"": 0.1, ""厌恶"": 0.1}}","[{""date"": ""2025-09-09"", ""value"": 0.4}, {""date"": ""2025-09-10"", ""value"": 0.7}, {""date"": ""2025-09-11"", ""value"": 0.8}]",近日，一则关于重庆摩托车可以上高速的传言引发热议，相关部门已明确表示该信息为谣言。,0.8,0.65,0.75,"{""schema"": {""积极倡导"": 0.05, ""强烈反对"": 0.1, ""中立陈述"": 0.5, ""质疑探究"": 0.15, ""理性建议"": 0.1, ""情绪宣泄"": 0.05, ""观望等待"": 0.03, ""扩散传播"": 0.02}}","[{""date"": ""2025-09-09"", ""event"": ""传言开始在社交媒体传播，称重庆摩托车可以上高速行驶。""}, {""date"": ""2025-09-10"", ""event"": ""重庆交通管理部门回应，明确表示该信息为虚假信息。""}, {""date"": ""2025-09-11"", ""event"": ""官方发布通报，呼吁公众勿信谣言，并依法追查信息源头。""}]",重庆摩托车能上高速？假的,社会新闻,"[{""weight"": 0.9, ""word"": ""谣言""}, {""weight"": 0.85, ""word"": ""摩托车""}, {""weight"": 0.8, ""word"": ""高速""}, {""weight"": 0.75, ""word"": ""重庆""}, {""weight"": 0.7, ""word"": ""交通""}, {""weight"": 0.65, ""word"": ""管理部门""}, {""weight"": 0.6, ""word"": ""回应""}, {""weight"": 0.55, ""word"": ""虚假信息""}, {""weight"": 0.5, ""word"": ""传播""}, {""weight"": 0.45, ""word"": ""网络""}, {""weight"": 0.4, ""word"": ""公众""}, {""weight"": 0.35, ""word"": ""安全""}, {""weight"": 0.3, ""word"": ""法规""}, {""weight"": 0.25, ""word"": ""澄清""}, {""weight"": 0.2, ""word"": ""平台""}, {""weight"": 0.15, ""word"": ""转发""}, {""weight"": 0.1, ""word"": ""举报""}, {""weight"": 0.09, ""word"": ""执法""}, {""weight"": 0.08, ""word"": ""法律""}, {""weight"": 0.07, ""word"": ""责任""}]",106.5516,29.563,zhimo
68c32b94c51fdd175d71154a,3ad8bcacbcd8c5a9db816270011ae62a,2025-09-11T20:05:40.249718,"{""schema"": {""喜悦"": 0.02, ""期待"": 0.05, ""平和"": 0.1, ""惊讶"": 0.15, ""悲伤"": 0.08, ""愤怒"": 0.3, ""恐惧"": 0.2, ""厌恶"": 0.1}}","[{""date"": ""2025-09-09"", ""value"": 0.6}, {""date"": ""2025-09-10"", ""value"": 0.75}, {""date"": ""2025-09-11"", ""value"": 0.88}]",墨西哥拟对中国商品加征最高50%关税，中国外交部回应称将采取必要措施维护自身权益。,0.92,0.78,0.85,"{""schema"": {""积极倡导"": 0.05, ""强烈反对"": 0.4, ""中立陈述"": 0.2, ""质疑探究"": 0.1, ""理性建议"": 0.05, ""情绪宣泄"": 0.1, ""观望等待"": 0.05, ""扩散传播"": 0.05}}","[{""date"": ""2025-09-09"", ""event"": ""墨西哥宣布拟对中国商品加征50%关税""}, {""date"": ""2025-09-10"", ""event"": ""中国商务部回应，表示将密切关注事态发展""}, {""date"": ""2025-09-11"", ""event"": ""中国外交部正式回应，强调将采取必要措施维护权益""}]",外交部回应墨西哥拟对华征50%关税,国际关系/贸易政策,"[{""weight"": 10, ""word"": ""关税""}, {""weight"": 9, ""word"": ""墨西哥""}, {""weight"": 8.5, ""word"": ""中国""}, {""weight"": 8, ""word"": ""贸易""}, {""weight"": 7.8, ""word"": ""加征""}, {""weight"": 7.5, ""word"": ""外交部""}, {""weight"": 7.2, ""word"": ""回应""}, {""weight"": 7, ""word"": ""政策""}, {""weight"": 6.8, ""word"": ""影响""}, {""weight"": 6.5, ""word"": ""出口""}, {""weight"": 6.3, ""word"": ""制造业""}, {""weight"": 6, ""word"": ""商品""}, {""weight"": 5.8, ""word"": ""经济""}, {""weight"": 5.5, ""word"": ""全球""}, {""weight"": 5.3, ""word"": ""市场""}, {""weight"": 5, ""word"": ""谈判""}, {""weight"": 4.8, ""word"": ""合作""}, {""weight"": 4.5, ""word"": ""竞争""}, {""weight"": 4.3, ""word"": ""壁垒""}, {""weight"": 4, ""word"": ""措施""}]",-99.1332,19.4326,zhimo
68c32ba4c51fdd175d71154b,26105e63e50892790d2d16b532c752ff,2025-09-11T20:05:56.409074,"{""schema"": {""喜悦"": 0.02, ""期待"": 0.03, ""平和"": 0.05, ""惊讶"": 0.15, ""悲伤"": 0.1, ""愤怒"": 0.05, ""恐惧"": 0.25, ""厌恶"": 0.35}}","[{""date"": ""2025-09-09"", ""value"": 0.4}, {""date"": ""2025-09-10"", ""value"": 0.7}, {""date"": ""2025-09-11"", ""value"": 0.85}]",河南近日遭遇强降雨，多地出现严重内涝，气象专家分析主要受副热带高压和台风路径影响。,0.78,0.9,0.85,"{""schema"": {""积极倡导"": 0.05, ""强烈反对"": 0.02, ""中立陈述"": 0.6, ""质疑探究"": 0.15, ""理性建议"": 0.08, ""情绪宣泄"": 0.05, ""观望等待"": 0.03, ""扩散传播"": 0.02}}","[{""date"": ""2025-09-09"", ""event"": ""河南多地开始出现强降雨天气，部分区域出现积水现象。""}, {""date"": ""2025-09-10"", ""event"": ""气象部门发布暴雨红色预警，多地启动应急响应机制。""}, {""date"": ""2025-09-11"", ""event"": ""专家分析降雨成因，网络热议河南暴雨对农业和交通的影响。""}]",河南这场雨为啥下这么大,自然灾害,"[{""weight"": 0.9, ""word"": ""暴雨""}, {""weight"": 0.85, ""word"": ""河南""}, {""weight"": 0.8, ""word"": ""气象""}, {""weight"": 0.78, ""word"": ""洪涝""}, {""weight"": 0.75, ""word"": ""预警""}, {""weight"": 0.72, ""word"": ""灾害""}, {""weight"": 0.7, ""word"": ""积水""}, {""weight"": 0.68, ""word"": ""交通""}, {""weight"": 0.65, ""word"": ""农业""}, {""weight"": 0.63, ""word"": ""影响""}, {""weight"": 0.6, ""word"": ""副热带高压""}, {""weight"": 0.58, ""word"": ""台风""}, {""weight"": 0.55, ""word"": ""应急""}, {""weight"": 0.52, ""word"": ""救援""}, {""weight"": 0.5, ""word"": ""天气""}, {""weight"": 0.48, ""word"": ""城市""}, {""weight"": 0.45, ""word"": ""农田""}, {""weight"": 0.43, ""word"": ""排水""}, {""weight"": 0.4, ""word"": ""预警系统""}, {""weight"": 0.38, ""word"": ""防灾""}]",113.6654,34.7576,zhimo
68c32f6ac51fdd175d71154c,7314b25c5e94815642cd11473c9bf682,2025-09-11T20:54:21.569214,"{""schema"": {""喜悦"": 0.01, ""期待"": 0.02, ""平和"": 0.05, ""惊讶"": 0.1, ""悲伤"": 0.3, ""愤怒"": 0.25, ""恐惧"": 0.15, ""厌恶"": 0.12}}","[{""date"": ""2025-09-09"", ""value"": 0.6}, {""date"": ""2025-09-10"", ""value"": 0.8}, {""date"": ""2025-09-11"", ""value"": 0.95}]",一名少女因老师拦截其求助信件而错过关键救助时机，引发社会广泛关注和讨论。,0.95,0.9,0.85,"{""schema"": {""积极倡导"": 0.1, ""强烈反对"": 0.35, ""中立陈述"": 0.2, ""质疑探究"": 0.15, ""理性建议"": 0.05, ""情绪宣泄"": 0.1, ""观望等待"": 0.03, ""扩散传播"": 0.02}}","[{""date"": ""2025-09-09"", ""event"": ""事件首次被媒体报道，引发初步关注。""}, {""date"": ""2025-09-10"", ""event"": ""社交媒体广泛传播，公众开始质疑教师行为。""}, {""date"": ""2025-09-11"", ""event"": ""相关部门介入调查，舆论持续发酵。""}]",媒体评少女身亡：老师拦信断生机,社会新闻,"[{""weight"": 0.95, ""word"": ""少女""}, {""weight"": 0.9, ""word"": ""老师""}, {""weight"": 0.85, ""word"": ""死亡""}, {""weight"": 0.8, ""word"": ""信件""}, {""weight"": 0.75, ""word"": ""救助""}, {""weight"": 0.7, ""word"": ""责任""}, {""weight"": 0.65, ""word"": ""舆论""}, {""weight"": 0.6, ""word"": ""调查""}, {""weight"": 0.55, ""word"": ""教育""}, {""weight"": 0.5, ""word"": ""学校""}, {""weight"": 0.45, ""word"": ""媒体""}, {""weight"": 0.4, ""word"": ""社会""}, {""weight"": 0.35, ""word"": ""道德""}, {""weight"": 0.3, ""word"": ""法律""}, {""weight"": 0.25, ""word"": ""家长""}, {""weight"": 0.2, ""word"": ""学生""}, {""weight"": 0.15, ""word"": ""悲剧""}, {""weight"": 0.1, ""word"": ""反思""}, {""weight"": 0.05, ""word"": ""改革""}, {""weight"": 0.02, ""word"": ""制度""}]",116.4074,39.9042,zhimo
68c32f7bc51fdd175d71154d,dcd3bb092e7fb3f8e995010afefa8819,2025-09-11T20:22:19.129275,"{""schema"": {""喜悦"": 0.02, ""期待"": 0.05, ""平和"": 0.1, ""惊讶"": 0.15, ""悲伤"": 0.2, ""愤怒"": 0.25, ""恐惧"": 0.15, ""厌恶"": 0.08}}","[{""date"": ""2025-09-09"", ""value"": 0.4}, {""date"": ""2025-09-10"", ""value"": 0.65}, {""date"": ""2025-09-11"", ""value"": 0.8}]",前美国总统特朗普就其亲密盟友被枪杀事件发表全国讲话，引发广泛关注与讨论。,0.75,0.9,0.85,"{""schema"": {""积极倡导"": 0.1, ""强烈反对"": 0.2, ""中立陈述"": 0.15, ""质疑探究"": 0.12, ""理性建议"": 0.08, ""情绪宣泄"": 0.25, ""观望等待"": 0.05, ""扩散传播"": 0.05}}","[{""date"": ""2025-09-08"", ""event"": ""特朗普的亲密盟友在一次意外中遭到枪杀，事件引发社会关注。""}, {""date"": ""2025-09-09"", ""event"": ""特朗普宣布将就盟友被枪杀事件发表全国讲话。""}, {""date"": ""2025-09-10"", ""event"": ""特朗普在讲话中谴责暴力行为，并呼吁加强枪支管控改革。""}, {""date"": ""2025-09-11"", ""event"": ""讲话内容持续发酵，引发多方政治团体的讨论与回应。""}]",特朗普就盟友被枪杀发表全国讲话,政治新闻,"[{""weight"": 1.0, ""word"": ""特朗普""}, {""weight"": 0.95, ""word"": ""讲话""}, {""weight"": 0.9, ""word"": ""枪杀""}, {""weight"": 0.85, ""word"": ""盟友""}, {""weight"": 0.8, ""word"": ""暴力""}, {""weight"": 0.75, ""word"": ""政治""}, {""weight"": 0.7, ""word"": ""全国""}, {""weight"": 0.65, ""word"": ""言论""}, {""weight"": 0.6, ""word"": ""支持""}, {""weight"": 0.55, ""word"": ""反对""}, {""weight"": 0.5, ""word"": ""媒体""}, {""weight"": 0.45, ""word"": ""枪支管控""}, {""weight"": 0.4, ""word"": ""安全""}, {""weight"": 0.35, ""word"": ""选举""}, {""weight"": 0.3, ""word"": ""公众""}, {""weight"": 0.25, ""word"": ""情绪""}, {""weight"": 0.2, ""word"": ""调查""}, {""weight"": 0.15, ""word"": ""法律""}, {""weight"": 0.1, ""word"": ""改革""}, {""weight"": 0.05, ""word"": ""回应""}]",-77.0906,38.8765,zhimo
68c34c04c51fdd175d71154e,6ea46ae1b7e5642e5e768d6dfe864a24,2025-09-11T22:24:04.495105,"{""schema"": {""喜悦"": 0.15, ""期待"": 0.1, ""平和"": 0.05, ""惊讶"": 0.25, ""悲伤"": 0.05, ""愤怒"": 0.05, ""恐惧"": 0.1, ""厌恶"": 0.25}}","[{""date"": ""2025-09-09"", ""value"": 0.6}, {""date"": ""2025-09-10"", ""value"": 0.75}, {""date"": ""2025-09-11"", ""value"": 0.9}]",甲骨文创始人拉里·埃里森因投资策略调整及股市波动，财富短时间内激增，跃居世界首富。,0.75,0.9,0.85,"{""schema"": {""积极倡导"": 0.1, ""强烈反对"": 0.05, ""中立陈述"": 0.3, ""质疑探究"": 0.2, ""理性建议"": 0.1, ""情绪宣泄"": 0.15, ""观望等待"": 0.05, ""扩散传播"": 0.05}}","[{""date"": ""2025-09-09"", ""event"": ""甲骨文创始人拉里·埃里森首次超越马斯克成为世界首富""}, {""date"": ""2025-09-10"", ""event"": ""全球财经媒体广泛报道埃里森的财富增长原因""}, {""date"": ""2025-09-11"", ""event"": ""专家分析埃里森的投资策略及股市波动对财富的影响""}]",甲骨文创始人为何突然成为世界首富,财经新闻,"[{""weight"": 1.0, ""word"": ""甲骨文""}, {""weight"": 0.95, ""word"": ""拉里·埃里森""}, {""weight"": 0.9, ""word"": ""世界首富""}, {""weight"": 0.85, ""word"": ""投资""}, {""weight"": 0.8, ""word"": ""股市""}, {""weight"": 0.75, ""word"": ""财富""}, {""weight"": 0.7, ""word"": ""马斯克""}, {""weight"": 0.65, ""word"": ""科技""}, {""weight"": 0.6, ""word"": ""财经""}, {""weight"": 0.55, ""word"": ""财富增长""}, {""weight"": 0.5, ""word"": ""分析""}, {""weight"": 0.45, ""word"": ""市场""}, {""weight"": 0.4, ""word"": ""经济""}, {""weight"": 0.35, ""word"": ""媒体""}, {""weight"": 0.3, ""word"": ""影响""}, {""weight"": 0.25, ""word"": ""策略""}, {""weight"": 0.2, ""word"": ""波动""}, {""weight"": 0.15, ""word"": ""专家""}, {""weight"": 0.1, ""word"": ""报道""}, {""weight"": 0.05, ""word"": ""原因""}]",-122.4194,37.7749,zhimo
68c36174c51fdd175d71154f,bf982d278fdabfd3a973d31be1079e47,2025-09-11T23:55:32.831839,"{""schema"": {""喜悦"": 0.3, ""期待"": 0.2, ""平和"": 0.05, ""惊讶"": 0.1, ""悲伤"": 0.02, ""愤怒"": 0.03, ""恐惧"": 0.05, ""厌恶"": 0.25}}","[{""date"": ""2025-09-09"", ""value"": 0.4}, {""date"": ""2025-09-10"", ""value"": 0.7}, {""date"": ""2025-09-11"", ""value"": 0.9}]",中国自主研发的航母福建舰首次通过台湾海峡，引发广泛关注。此举被视为中国海军力量的重要展示。,0.85,0.9,0.95,"{""schema"": {""积极倡导"": 0.3, ""强烈反对"": 0.1, ""中立陈述"": 0.2, ""质疑探究"": 0.05, ""理性建议"": 0.05, ""情绪宣泄"": 0.1, ""观望等待"": 0.1, ""扩散传播"": 0.2}}","[{""date"": ""2025-09-09"", ""event"": ""福建舰完成南海训练任务，准备通过台湾海峡""}, {""date"": ""2025-09-10"", ""event"": ""福建舰进入台湾海峡南部水域，引发区域关注""}, {""date"": ""2025-09-11"", ""event"": ""福建舰成功通过台湾海峡，进入东海海域""}]",航母福建舰首次通过台湾海峡,军事动态,"[{""weight"": 0.9, ""word"": ""福建舰""}, {""weight"": 0.85, ""word"": ""航母""}, {""weight"": 0.8, ""word"": ""台湾海峡""}, {""weight"": 0.75, ""word"": ""海军""}, {""weight"": 0.7, ""word"": ""军事""}, {""weight"": 0.65, ""word"": ""中国""}, {""weight"": 0.6, ""word"": ""力量展示""}, {""weight"": 0.55, ""word"": ""区域安全""}, {""weight"": 0.5, ""word"": ""战略""}, {""weight"": 0.45, ""word"": ""航行自由""}, {""weight"": 0.4, ""word"": ""国际关注""}, {""weight"": 0.35, ""word"": ""南海""}, {""weight"": 0.3, ""word"": ""东海""}, {""weight"": 0.25, ""word"": ""自主研发""}, {""weight"": 0.2, ""word"": ""国防""}, {""weight"": 0.15, ""word"": ""舰队""}, {""weight"": 0.1, ""word"": ""军事演习""}, {""weight"": 0.05, ""word"": ""国际局势""}, {""weight"": 0.03, ""word"": ""地缘政治""}, {""weight"": 0.02, ""word"": ""和平稳定""}]",121.5,25.0,zhimo
68c3628bc51fdd175d711550,7ef22f22e1aff1e1296fc408fcd5f359,2025-09-12T00:00:11.708699,"{""schema"": {""喜悦"": 0.02, ""期待"": 0.03, ""平和"": 0.1, ""惊讶"": 0.15, ""悲伤"": 0.2, ""愤怒"": 0.18, ""恐惧"": 0.12, ""厌恶"": 0.2}}","[{""date"": ""2025-09-09"", ""value"": 0.6}, {""date"": ""2025-09-10"", ""value"": 0.75}, {""date"": ""2025-09-11"", ""value"": 0.88}]",一对夫妇发现养育多年的两个孩子并非亲生，引发社会对亲子关系、家庭信任及法律问题的广泛讨论。,0.88,0.92,0.85,"{""schema"": {""积极倡导"": 0.05, ""强烈反对"": 0.15, ""中立陈述"": 0.3, ""质疑探究"": 0.2, ""理性建议"": 0.1, ""情绪宣泄"": 0.12, ""观望等待"": 0.03, ""扩散传播"": 0.05}}","[{""date"": ""2025-09-09"", ""event"": ""事件首次曝光，网络开始传播""}, {""date"": ""2025-09-10"", ""event"": ""相关当事人发声，媒体介入报道""}, {""date"": ""2025-09-11"", ""event"": ""社会舆论持续发酵，法律专家参与讨论""}]",一图看懂两孩非亲生热点事件,社会热点,"[{""weight"": 0.9, ""word"": ""亲子鉴定""}, {""weight"": 0.85, ""word"": ""家庭信任""}, {""weight"": 0.8, ""word"": ""法律纠纷""}, {""weight"": 0.78, ""word"": ""孩子非亲生""}, {""weight"": 0.75, ""word"": ""社会热议""}, {""weight"": 0.72, ""word"": ""情感破裂""}, {""weight"": 0.7, ""word"": ""伦理问题""}, {""weight"": 0.68, ""word"": ""媒体报道""}, {""weight"": 0.65, ""word"": ""法律援助""}, {""weight"": 0.63, ""word"": ""网络热议""}, {""weight"": 0.6, ""word"": ""家庭关系""}, {""weight"": 0.58, ""word"": ""亲子关系""}, {""weight"": 0.55, ""word"": ""社会舆论""}, {""weight"": 0.53, ""word"": ""法律程序""}, {""weight"": 0.5, ""word"": ""情感冲击""}, {""weight"": 0.48, ""word"": ""真相调查""}, {""weight"": 0.45, ""word"": ""亲子信任""}, {""weight"": 0.43, ""word"": ""家庭伦理""}, {""weight"": 0.4, ""word"": ""社会影响""}, {""weight"": 0.38, ""word"": ""公众关注""}]",116.4074,39.9042,zhimo
68c364cfc51fdd175d711551,660f3e826909afddc909e07ea4ecd11e,2025-09-12T00:09:51.212633,"{""schema"": {""喜悦"": 0.1, ""期待"": 0.05, ""平和"": 0.15, ""惊讶"": 0.05, ""悲伤"": 0.25, ""愤怒"": 0.0, ""恐惧"": 0.0, ""厌恶"": 0.0, ""怀念"": 0.45}}","[{""date"": ""2025-09-09"", ""value"": 0.6}, {""date"": ""2025-09-10"", ""value"": 0.8}, {""date"": ""2025-09-11"", ""value"": 0.95}]",第十二批在韩中国人民志愿军烈士遗骸顺利回国，标志着中韩两国在历史问题上的合作与尊重，也体现了对英雄烈士的深切缅怀。,0.95,0.9,0.85,"{""schema"": {""积极倡导"": 0.3, ""强烈反对"": 0.0, ""中立陈述"": 0.4, ""质疑探究"": 0.0, ""理性建议"": 0.05, ""情绪宣泄"": 0.15, ""观望等待"": 0.0, ""扩散传播"": 0.15}}","[{""date"": ""2025-09-09"", ""event"": ""中韩双方就第十二批志愿军烈士遗骸交接达成一致""}, {""date"": ""2025-09-10"", ""event"": ""韩国正式移交志愿军烈士遗骸及随身物品""}, {""date"": ""2025-09-11"", ""event"": ""志愿军烈士遗骸专机回国，抵达沈阳桃仙国际机场""}]",第十二批在韩志愿军烈士遗骸回国,军事/历史,"[{""weight"": 0.9, ""word"": ""志愿军""}, {""weight"": 0.85, ""word"": ""烈士""}, {""weight"": 0.8, ""word"": ""遗骸""}, {""weight"": 0.75, ""word"": ""回国""}, {""weight"": 0.7, ""word"": ""中韩""}, {""weight"": 0.65, ""word"": ""英雄""}, {""weight"": 0.6, ""word"": ""缅怀""}, {""weight"": 0.55, ""word"": ""交接""}, {""weight"": 0.5, ""word"": ""机场""}, {""weight"": 0.45, ""word"": ""沈阳""}, {""weight"": 0.4, ""word"": ""桃仙""}, {""weight"": 0.35, ""word"": ""专机""}, {""weight"": 0.3, ""word"": ""军事""}, {""weight"": 0.25, ""word"": ""历史""}, {""weight"": 0.2, ""word"": ""和平""}, {""weight"": 0.15, ""word"": ""纪念""}, {""weight"": 0.1, ""word"": ""尊严""}, {""weight"": 0.05, ""word"": ""合作""}, {""weight"": 0.02, ""word"": ""烈士家属""}, {""weight"": 0.01, ""word"": ""国家荣誉""}]",126.965,37.5665,zhimo
68c37035c51fdd175d711552,c44448a9a6ab0907c816d66066fa3dda,2025-09-12T00:58:29.799878,"{""schema"": {""喜悦"": 0.01, ""期待"": 0.02, ""平和"": 0.05, ""惊讶"": 0.1, ""悲伤"": 0.15, ""愤怒"": 0.05, ""恐惧"": 0.3, ""厌恶"": 0.32}}","[{""date"": ""2025-09-10"", ""value"": 0.45}, {""date"": ""2025-09-11"", ""value"": 0.78}, {""date"": ""2025-09-12"", ""value"": 0.92}]",近日，河南省许昌市遭遇历史罕见暴雨，多个监测点刷新降雨量记录，引发城市内涝和交通中断，相关部门已启动应急响应。,0.92,0.78,0.85,"{""schema"": {""积极倡导"": 0.05, ""强烈反对"": 0.02, ""中立陈述"": 0.6, ""质疑探究"": 0.08, ""理性建议"": 0.1, ""情绪宣泄"": 0.12, ""观望等待"": 0.01, ""扩散传播"": 0.02}}","[{""date"": ""2025-09-10"", ""event"": ""许昌市开始出现强降雨天气，局部地区降雨量超过100毫米。""}, {""date"": ""2025-09-11"", ""event"": ""多个监测点刷新历史降雨记录，市区出现严重内涝，部分交通中断。""}, {""date"": ""2025-09-12"", ""event"": ""政府启动应急响应机制，组织救援力量赶赴受灾区域，社交媒体热议此次暴雨事件。""}]",许昌暴雨破纪录,自然灾害,"[{""weight"": 1.0, ""word"": ""暴雨""}, {""weight"": 0.95, ""word"": ""许昌""}, {""weight"": 0.9, ""word"": ""破纪录""}, {""weight"": 0.85, ""word"": ""内涝""}, {""weight"": 0.8, ""word"": ""交通中断""}, {""weight"": 0.75, ""word"": ""应急响应""}, {""weight"": 0.7, ""word"": ""救援""}, {""weight"": 0.65, ""word"": ""气象预警""}, {""weight"": 0.6, ""word"": ""城市排水""}, {""weight"": 0.55, ""word"": ""防汛""}, {""weight"": 0.5, ""word"": ""极端天气""}, {""weight"": 0.45, ""word"": ""社交媒体""}, {""weight"": 0.4, ""word"": ""灾情""}, {""weight"": 0.35, ""word"": ""群众""}, {""weight"": 0.3, ""word"": ""安全""}, {""weight"": 0.25, ""word"": ""政府""}, {""weight"": 0.2, ""word"": ""河南""}, {""weight"": 0.15, ""word"": ""降雨量""}, {""weight"": 0.1, ""word"": ""记录""}, {""weight"": 0.05, ""word"": ""应急""}]",113.6644,34.0475,zhimo
68c37049c51fdd175d711553,d352969de40e2625867754186e44aadf,2025-09-12T00:58:49.354084,"{""schema"": {""喜悦"": 0.15, ""期待"": 0.2, ""平和"": 0.05, ""惊讶"": 0.1, ""悲伤"": 0.02, ""愤怒"": 0.03, ""恐惧"": 0.05, ""厌恶"": 0.02}}","[{""date"": ""2025-09-10"", ""value"": 0.65}, {""date"": ""2025-09-11"", ""value"": 0.78}, {""date"": ""2025-09-12"", ""value"": 0.88}]",福建舰作为中国自主建造的航母，近日完成出海任务，引发外界对中国为何持续发展航母力量的讨论。,0.78,0.9,0.85,"{""schema"": {""积极倡导"": 0.3, ""强烈反对"": 0.05, ""中立陈述"": 0.25, ""质疑探究"": 0.15, ""理性建议"": 0.1, ""情绪宣泄"": 0.05, ""观望等待"": 0.08, ""扩散传播"": 0.12}}","[{""date"": ""2025-09-10"", ""event"": ""福建舰完成出海前最后准备，相关消息首次曝光""}, {""date"": ""2025-09-11"", ""event"": ""福建舰正式出海执行任务，引发国内外媒体关注""}, {""date"": ""2025-09-12"", ""event"": ""专家解读中国航母战略及福建舰的技术意义""}]",福建舰出海 中国为何还需要航母,军事动态,"[{""weight"": 0.95, ""word"": ""福建舰""}, {""weight"": 0.9, ""word"": ""航母""}, {""weight"": 0.88, ""word"": ""中国""}, {""weight"": 0.85, ""word"": ""军事""}, {""weight"": 0.82, ""word"": ""战略""}, {""weight"": 0.8, ""word"": ""出海""}, {""weight"": 0.78, ""word"": ""技术""}, {""weight"": 0.75, ""word"": ""发展""}, {""weight"": 0.72, ""word"": ""国防""}, {""weight"": 0.7, ""word"": ""海军""}, {""weight"": 0.68, ""word"": ""国际""}, {""weight"": 0.65, ""word"": ""安全""}, {""weight"": 0.63, ""word"": ""装备""}, {""weight"": 0.6, ""word"": ""舰队""}, {""weight"": 0.58, ""word"": ""自主""}, {""weight"": 0.55, ""word"": ""建造""}, {""weight"": 0.53, ""word"": ""区域""}, {""weight"": 0.5, ""word"": ""力量""}, {""weight"": 0.48, ""word"": ""稳定""}, {""weight"": 0.45, ""word"": ""威慑""}]",119.3,26.08,zhimo
68c38ba4bda965385e9284b0,4f7b0a242f44259a056d542b4c2f91a7,2025-09-12T02:55:32.812008,"{""schema"": {""喜悦"": 0.05, ""期待"": 0.15, ""平和"": 0.05, ""惊讶"": 0.25, ""悲伤"": 0.03, ""愤怒"": 0.12, ""恐惧"": 0.05, ""厌恶"": 0.3}}","[{""date"": ""2025-09-10"", ""value"": 0.45}, {""date"": ""2025-09-11"", ""value"": 0.78}, {""date"": ""2025-09-12"", ""value"": 0.92}]",罗永浩公开悬赏10万元，征集西贝莜面村使用预制菜的相关线索，引发公众对食品安全和行业透明度的热议。,0.92,0.78,0.85,"{""schema"": {""积极倡导"": 0.1, ""强烈反对"": 0.05, ""中立陈述"": 0.2, ""质疑探究"": 0.35, ""理性建议"": 0.05, ""情绪宣泄"": 0.15, ""观望等待"": 0.05, ""扩散传播"": 0.05}}","[{""date"": ""2025-09-10"", ""event"": ""罗永浩在社交媒体上首次宣布悬赏征集西贝预制菜线索""}, {""date"": ""2025-09-11"", ""event"": ""西贝官方回应称将配合调查并强调其食品供应链透明""}, {""date"": ""2025-09-12"", ""event"": ""事件持续发酵，公众对预制菜食品安全性展开激烈讨论""}]",罗永浩悬赏10万征集西贝预制菜线索,社会热点,"[{""weight"": 0.95, ""word"": ""预制菜""}, {""weight"": 0.9, ""word"": ""罗永浩""}, {""weight"": 0.88, ""word"": ""悬赏""}, {""weight"": 0.86, ""word"": ""西贝""}, {""weight"": 0.84, ""word"": ""食品安全""}, {""weight"": 0.82, ""word"": ""线索""}, {""weight"": 0.8, ""word"": ""公众""}, {""weight"": 0.78, ""word"": ""透明度""}, {""weight"": 0.76, ""word"": ""行业""}, {""weight"": 0.74, ""word"": ""调查""}, {""weight"": 0.72, ""word"": ""消费者""}, {""weight"": 0.7, ""word"": ""餐饮""}, {""weight"": 0.68, ""word"": ""质疑""}, {""weight"": 0.66, ""word"": ""回应""}, {""weight"": 0.64, ""word"": ""热度""}, {""weight"": 0.62, ""word"": ""讨论""}, {""weight"": 0.6, ""word"": ""供应链""}, {""weight"": 0.58, ""word"": ""倡导""}, {""weight"": 0.56, ""word"": ""愤怒""}, {""weight"": 0.54, ""word"": ""传播""}]",116.4074,39.9042,zhimo
68c38bb1bda965385e9284b1,21a92f20749d918c04d23809f25a624d,2025-09-12T02:55:45.343533,"{""schema"": {""喜悦"": 0.02, ""期待"": 0.03, ""平和"": 0.05, ""惊讶"": 0.2, ""悲伤"": 0.15, ""愤怒"": 0.25, ""恐惧"": 0.18, ""厌恶"": 0.12}}","[{""date"": ""2025-09-10"", ""value"": 0.4}, {""date"": ""2025-09-11"", ""value"": 0.7}, {""date"": ""2025-09-12"", ""value"": 0.95}]",一名枪手在枪杀柯克后，警方在其子弹上发现带有跨性别相关的字样，引发社会广泛关注。,0.85,0.9,0.95,"{""schema"": {""积极倡导"": 0.05, ""强烈反对"": 0.3, ""中立陈述"": 0.25, ""质疑探究"": 0.15, ""理性建议"": 0.05, ""情绪宣泄"": 0.1, ""观望等待"": 0.05, ""扩散传播"": 0.05}}","[{""date"": ""2025-09-10"", ""event"": ""柯克被枪杀，警方初步调查发现子弹上有跨性别字样""}, {""date"": ""2025-09-11"", ""event"": ""案件细节曝光，社交媒体开始广泛讨论""}, {""date"": ""2025-09-12"", ""event"": ""公众强烈关注，警方召开新闻发布会更新调查进展""}]",枪杀柯克的枪手子弹上有跨性别字样,社会事件,"[{""weight"": 0.9, ""word"": ""枪杀""}, {""weight"": 0.85, ""word"": ""柯克""}, {""weight"": 0.8, ""word"": ""跨性别""}, {""weight"": 0.75, ""word"": ""子弹""}, {""weight"": 0.7, ""word"": ""调查""}, {""weight"": 0.65, ""word"": ""社会关注""}, {""weight"": 0.6, ""word"": ""警方""}, {""weight"": 0.55, ""word"": ""字样""}, {""weight"": 0.5, ""word"": ""事件""}, {""weight"": 0.45, ""word"": ""言论自由""}, {""weight"": 0.4, ""word"": ""暴力""}, {""weight"": 0.35, ""word"": ""性别认同""}, {""weight"": 0.3, ""word"": ""人权""}, {""weight"": 0.25, ""word"": ""抗议""}, {""weight"": 0.2, ""word"": ""法律""}, {""weight"": 0.15, ""word"": ""正义""}, {""weight"": 0.1, ""word"": ""媒体""}, {""weight"": 0.05, ""word"": ""网络""}, {""weight"": 0.04, ""word"": ""讨论""}, {""weight"": 0.03, ""word"": ""社会事件""}]",-118.2437,34.0522,zhimo
68c38bbcbda965385e9284b2,24ec411297d70fd36e7cf423f443ac90,2025-09-12T02:55:56.617279,"{""schema"": {""喜悦"": 0.02, ""期待"": 0.05, ""平和"": 0.1, ""惊讶"": 0.03, ""悲伤"": 0.25, ""愤怒"": 0.15, ""恐惧"": 0.2, ""厌恶"": 0.2}}","[{""date"": ""2025-09-10"", ""value"": 0.45}, {""date"": ""2025-09-11"", ""value"": 0.62}, {""date"": ""2025-09-12"", ""value"": 0.7}]",由于国际贸易形势变化和市场需求波动，美国多地农民面临大豆滞销困境，收入受到严重影响。,0.58,0.72,0.65,"{""schema"": {""积极倡导"": 0.1, ""强烈反对"": 0.15, ""中立陈述"": 0.3, ""质疑探究"": 0.12, ""理性建议"": 0.08, ""情绪宣泄"": 0.15, ""观望等待"": 0.05, ""扩散传播"": 0.05}}","[{""date"": ""2025-09-10"", ""event"": ""美国农业部发布最新大豆库存数据，显示库存高于预期""}, {""date"": ""2025-09-11"", ""event"": ""多州农民协会召开紧急会议，讨论大豆销售困境""}, {""date"": ""2025-09-12"", ""event"": ""相关新闻报道数量激增，公众关注度迅速上升""}]",美国农民为大豆销路发愁,农业经济,"[{""weight"": 0.12, ""word"": ""大豆""}, {""weight"": 0.1, ""word"": ""农民""}, {""weight"": 0.09, ""word"": ""销路""}, {""weight"": 0.08, ""word"": ""美国""}, {""weight"": 0.07, ""word"": ""出口""}, {""weight"": 0.06, ""word"": ""价格""}, {""weight"": 0.05, ""word"": ""农业""}, {""weight"": 0.05, ""word"": ""滞销""}, {""weight"": 0.04, ""word"": ""收入""}, {""weight"": 0.04, ""word"": ""市场""}, {""weight"": 0.04, ""word"": ""贸易""}, {""weight"": 0.03, ""word"": ""政策""}, {""weight"": 0.03, ""word"": ""库存""}, {""weight"": 0.03, ""word"": ""种植""}, {""weight"": 0.03, ""word"": ""经济""}, {""weight"": 0.02, ""word"": ""挑战""}, {""weight"": 0.02, ""word"": ""需求""}, {""weight"": 0.02, ""word"": ""国际""}, {""weight"": 0.02, ""word"": ""影响""}, {""weight"": 0.02, ""word"": ""协会""}]",-95.7,37.09,zhimo
68c38bd0bda965385e9284b3,f513a37a15008cf0eba3b6b494574ba9,2025-09-12T02:56:16.938219,"{""schema"": {""喜悦"": 0.1, ""期待"": 0.05, ""平和"": 0.05, ""惊讶"": 0.2, ""悲伤"": 0.05, ""愤怒"": 0.3, ""恐惧"": 0.1, ""厌恶"": 0.15}}","[{""date"": ""2025-09-10"", ""value"": 0.6}, {""date"": ""2025-09-11"", ""value"": 0.8}, {""date"": ""2025-09-12"", ""value"": 0.95}]",近日，西贝与罗永浩之间的争议引发公众关注，双方因营销事件产生矛盾，引发社交媒体热议。,0.95,0.9,0.85,"{""schema"": {""积极倡导"": 0.05, ""强烈反对"": 0.3, ""中立陈述"": 0.2, ""质疑探究"": 0.15, ""理性建议"": 0.05, ""情绪宣泄"": 0.15, ""观望等待"": 0.05, ""扩散传播"": 0.1}}","[{""date"": ""2025-09-10"", ""event"": ""罗永浩公开质疑西贝营销策略，引发第一波讨论""}, {""date"": ""2025-09-11"", ""event"": ""西贝回应罗永浩质疑，双方言辞激烈""}, {""date"": ""2025-09-12"", ""event"": ""事件持续发酵，公众热议双方立场""}]",西贝为何招惹罗永浩,商业新闻,"[{""weight"": 0.9, ""word"": ""罗永浩""}, {""weight"": 0.85, ""word"": ""西贝""}, {""weight"": 0.8, ""word"": ""争议""}, {""weight"": 0.75, ""word"": ""营销""}, {""weight"": 0.7, ""word"": ""社交媒体""}, {""weight"": 0.65, ""word"": ""品牌""}, {""weight"": 0.6, ""word"": ""公众""}, {""weight"": 0.55, ""word"": ""商业""}, {""weight"": 0.5, ""word"": ""策略""}, {""weight"": 0.45, ""word"": ""事件""}, {""weight"": 0.4, ""word"": ""舆论""}, {""weight"": 0.35, ""word"": ""回应""}, {""weight"": 0.3, ""word"": ""立场""}, {""weight"": 0.25, ""word"": ""讨论""}, {""weight"": 0.2, ""word"": ""品牌营销""}, {""weight"": 0.15, ""word"": ""公众人物""}, {""weight"": 0.1, ""word"": ""商业竞争""}, {""weight"": 0.05, ""word"": ""消费者""}, {""weight"": 0.04, ""word"": ""市场""}, {""weight"": 0.03, ""word"": ""公关""}]",116.4074,39.9042,zhimo
68c38bdfbda965385e9284b4,0c9653785fdd67d2edc2825956c02489,2025-09-12T02:56:31.155149,"{""schema"": {""喜悦"": 0.3, ""期待"": 0.05, ""平和"": 0.1, ""惊讶"": 0.1, ""悲伤"": 0.05, ""愤怒"": 0.0, ""恐惧"": 0.0, ""厌恶"": 0.0}}","[{""date"": ""2025-09-10"", ""value"": 0.3}, {""date"": ""2025-09-11"", ""value"": 0.6}, {""date"": ""2025-09-12"", ""value"": 0.7}]",四位大叔因故饿了一天向路人求助，一名女子主动请他们吃面，引发社会关注。,0.7,0.5,0.65,"{""schema"": {""积极倡导"": 0.5, ""强烈反对"": 0.0, ""中立陈述"": 0.3, ""质疑探究"": 0.05, ""理性建议"": 0.05, ""情绪宣泄"": 0.05, ""观望等待"": 0.0, ""扩散传播"": 0.05}}","[{""date"": ""2025-09-10"", ""event"": ""四位大叔因工作原因饿了一天，向路人求助""}, {""date"": ""2025-09-11"", ""event"": ""女子主动请四位大叔吃面，被路人拍摄上传网络""}, {""date"": ""2025-09-12"", ""event"": ""事件引发热议，多家媒体转发报道""}]",四个大叔饿一天求助 女子请他们吃面,社会温情,"[{""weight"": 0.9, ""word"": ""大叔""}, {""weight"": 0.85, ""word"": ""女子""}, {""weight"": 0.8, ""word"": ""吃面""}, {""weight"": 0.75, ""word"": ""求助""}, {""weight"": 0.7, ""word"": ""温暖""}, {""weight"": 0.65, ""word"": ""感动""}, {""weight"": 0.6, ""word"": ""路人""}, {""weight"": 0.55, ""word"": ""社会""}, {""weight"": 0.5, ""word"": ""正能量""}, {""weight"": 0.45, ""word"": ""网络""}, {""weight"": 0.4, ""word"": ""媒体""}, {""weight"": 0.35, ""word"": ""报道""}, {""weight"": 0.3, ""word"": ""关注""}, {""weight"": 0.25, ""word"": ""工作""}, {""weight"": 0.2, ""word"": ""饥饿""}, {""weight"": 0.15, ""word"": ""善意""}, {""weight"": 0.1, ""word"": ""城市""}, {""weight"": 0.05, ""word"": ""温情""}, {""weight"": 0.02, ""word"": ""传播""}, {""weight"": 0.01, ""word"": ""感动人心""}]",116.4074,39.9042,zhimo
68c38bf6bda965385e9284b5,50ffa7e44bfe7a52417c8e446511ff72,2025-09-12T02:56:54.201348,"{""schema"": {""喜悦"": 0.15, ""期待"": 0.2, ""平和"": 0.1, ""惊讶"": 0.05, ""悲伤"": 0.05, ""愤怒"": 0.1, ""恐惧"": 0.15, ""厌恶"": 0.2}}","[{""date"": ""2025-09-10"", ""value"": 0.45}, {""date"": ""2025-09-11"", ""value"": 0.65}, {""date"": ""2025-09-12"", ""value"": 0.8}]",巴西推出“主权巴西计划”，旨在通过加强国内产业保护和多元化贸易合作，积极应对美国关税政策带来的冲击。,0.68,0.85,0.75,"{""schema"": {""积极倡导"": 0.3, ""强烈反对"": 0.1, ""中立陈述"": 0.2, ""质疑探究"": 0.05, ""理性建议"": 0.15, ""情绪宣泄"": 0.05, ""观望等待"": 0.1, ""扩散传播"": 0.1}}","[{""date"": ""2025-09-10"", ""event"": ""巴西政府宣布启动“主权巴西计划”，旨在应对美国关税冲击。""}, {""date"": ""2025-09-11"", ""event"": ""巴西总统发表讲话，强调加强国内产业保护和推动南美一体化。""}, {""date"": ""2025-09-12"", ""event"": ""巴西与多个拉美国家展开紧急贸易磋商，寻求关税替代市场。""}]",“主权巴西计划”积极应对美关税冲击,国际经济,"[{""weight"": 0.95, ""word"": ""巴西""}, {""weight"": 0.9, ""word"": ""关税""}, {""weight"": 0.85, ""word"": ""主权计划""}, {""weight"": 0.8, ""word"": ""美国""}, {""weight"": 0.75, ""word"": ""经济政策""}, {""weight"": 0.7, ""word"": ""贸易""}, {""weight"": 0.65, ""word"": ""产业保护""}, {""weight"": 0.6, ""word"": ""南美""}, {""weight"": 0.55, ""word"": ""冲击""}, {""weight"": 0.5, ""word"": ""应对""}, {""weight"": 0.45, ""word"": ""国际合作""}, {""weight"": 0.4, ""word"": ""拉美""}, {""weight"": 0.35, ""word"": ""国内经济""}, {""weight"": 0.3, ""word"": ""关税政策""}, {""weight"": 0.25, ""word"": ""多元化""}, {""weight"": 0.2, ""word"": ""出口""}, {""weight"": 0.15, ""word"": ""全球市场""}, {""weight"": 0.1, ""word"": ""经济独立""}, {""weight"": 0.05, ""word"": ""战略""}, {""weight"": 0.01, ""word"": ""挑战""}]",-51.9253,-14.235,zhimo
68c38c09bda965385e9284b6,5a92cd657cb45fa9b4f94b3f1b5f537b,2025-09-12T02:57:13.969233,"{""schema"": {""喜悦"": 0.05, ""期待"": 0.03, ""平和"": 0.1, ""惊讶"": 0.15, ""悲伤"": 0.07, ""愤怒"": 0.2, ""恐惧"": 0.1, ""厌恶"": 0.3}}","[{""date"": ""2025-09-10"", ""value"": 0.6}, {""date"": ""2025-09-11"", ""value"": 0.8}, {""date"": ""2025-09-12"", ""value"": 0.7}]",贵阳文昌阁虐猫事件引发网络热议，警方已正式辟谣，呼吁公众理性对待网络信息。,0.78,0.9,0.85,"{""schema"": {""积极倡导"": 0.1, ""强烈反对"": 0.25, ""中立陈述"": 0.3, ""质疑探究"": 0.15, ""理性建议"": 0.05, ""情绪宣泄"": 0.1, ""观望等待"": 0.03, ""扩散传播"": 0.02}}","[{""date"": ""2025-09-10"", ""event"": ""网传贵阳文昌阁发生虐猫事件，引发热议。""}, {""date"": ""2025-09-11"", ""event"": ""贵阳警方介入调查，并发布初步调查结果。""}, {""date"": ""2025-09-12"", ""event"": ""警方正式辟谣，澄清事件不属实，呼吁公众不信谣不传谣。""}]",警方辟谣贵阳文昌阁虐猫事件,社会热点,"[{""weight"": 0.9, ""word"": ""贵阳""}, {""weight"": 0.85, ""word"": ""文昌阁""}, {""weight"": 0.8, ""word"": ""虐猫""}, {""weight"": 0.75, ""word"": ""警方""}, {""weight"": 0.7, ""word"": ""辟谣""}, {""weight"": 0.65, ""word"": ""网络""}, {""weight"": 0.6, ""word"": ""热议""}, {""weight"": 0.55, ""word"": ""动物保护""}, {""weight"": 0.5, ""word"": ""谣言""}, {""weight"": 0.45, ""word"": ""调查""}, {""weight"": 0.4, ""word"": ""理性""}, {""weight"": 0.35, ""word"": ""传播""}, {""weight"": 0.3, ""word"": ""社会""}, {""weight"": 0.25, ""word"": ""公众""}, {""weight"": 0.2, ""word"": ""事件""}, {""weight"": 0.15, ""word"": ""情绪""}, {""weight"": 0.1, ""word"": ""真相""}, {""weight"": 0.08, ""word"": ""互联网""}, {""weight"": 0.05, ""word"": ""舆论""}, {""weight"": 0.02, ""word"": ""倡导""}]",106.7136,26.5754,zhimo
